tgt,pert,Liga_SMILES,LigB_SMILES,SelectedIntermediate_SMILES,ScoringMethod,Tanimoto_Liga_LigB,Tanimoto_Liga_Intermediate,Tanimoto_LigB_Intermediate,Average_Tanimoto,LOMAP_Liga_LigB,LOMAP_Liga_Intermediate,LOMAP_LigB_Intermediate,Average_LOMAP,Duration_Mins,Duration_Secs
hif2a,7a~231,C[C@H]1C[C@@H](O)c2c(S(=O)(=O)C(F)F)ccc(Oc3cc(F)cc(Cl)c3)c21,CS(=O)(=O)c1ccc(Oc2cc(F)cc(C#N)c2)c2c1[C@H](O)[C@H](F)C2,C[C@H]1C[C@@H](O)c2c(S(=O)(=O)CF)ccc(Oc3cc(F)cc(Cl)c3)c21,2D,0.46808510638297873,0.7922077922077922,0.4782608695652174,0.6352343308865048,0.49658530379140947,0.9048374180359595,0.5488116360940265,0.726824527064993,2.0,7.61819863319397
hif2a,84~30,O=C1OCc2c(S(=O)(=O)C(F)F)ccc(Oc3cc(F)cc(Cl)c3)c21,N#Cc1cc(F)cc(Oc2ccc(S(=O)(=O)C(F)F)c(Cl)c2C#N)c1,N#Cc1c(Oc2cc(F)cc(F)c2)ccc(S(=O)(=O)C(F)F)c1Cl,2D,0.5340909090909091,0.5529411764705883,0.7945205479452054,0.6737308622078968,0.20189651799465536,0.25924026064589145,0.7408182206817179,0.5000292406638047,2.0,3.9747653007507324
hif2a,252~266,N#Cc1cc(F)cc(Oc2ccc(S(N)(=O)=O)c3c2CC(F)(F)[C@H]3O)c1,O=S(=O)(c1ccc(Oc2ccc(F)c3[nH]ncc23)c2c1[C@H](O)C(F)(F)C2)C(F)(F)F,NS(=O)(=O)c1ccc(Oc2cc(F)ccc2F)c2c1C(O)C(F)(F)C2,2D,0.4519230769230769,0.6506024096385542,0.574468085106383,0.6125352473724686,0.1920499086207541,0.7408182206817179,0.14956861922263504,0.44519341995217643,2.0,46.92879796028137
hif2a,224~164,Cn1cc(Oc2ccc(S(=O)(=O)C(F)(F)F)c3c2CC(F)(F)[C@H]3O)cn1,CS(=O)(=O)c1ccc(Oc2cc(F)cc(C#N)c2)c2c1[C@@H](N)C(F)(F)C2,Cn1cc(Oc2ccc(S(=O)(=O)C(F)OC#N)c3c2CC(F)(F)[C@H]3O)cn1,2D,0.40404040404040403,0.6904761904761905,0.43,0.5602380952380952,0.009071795328941252,0.7046880897187134,0.008208499862389881,0.3564482947905517,2.0,38.88126826286316
hif2a,215~1,N#Cc1cc(F)cc(Oc2ccc(S(=O)(=O)CCl)c3c2CC(F)(F)[C@H]3O)c1,O=S(=O)(c1ccc(Oc2cc(F)cc(Cl)c2)c2c1[C@H](O)CC2)C(F)F,O=S(=O)(CF)c1ccc(Oc2cc(F)cc(Cl)c2)c2c1C(O)CC2,2D,0.4842105263157895,0.5274725274725275,0.7866666666666666,0.657069597069597,0.522045776761016,0.5769498103804866,0.9048374180359595,0.7408936142082231,2.0,19.45128607749939
hif2a,15~237,N#Cc1cc(F)cc(Oc2ccc(S(=O)(=O)C(F)F)c3c2CC(F)(F)[C@H]3O)c1,N#Cc1cc(F)cc(Oc2ccc(S(=O)(=O)C(F)F)c3c2CC(F)(F)[C@@H]3O)c1,N#Cc1cc(F)cc(Oc2ccc(S(=O)(=O)C(F)F)c3c2CC(F)(F)[C@@H]3O)c1,2D,1.0,1.0,1.0,1.0,0.8187307530779818,0.8187307530779818,1.0,0.9093653765389909,0.0,24.69718885421753
hif2a,54~336,CS(=O)(=O)c1ccc(Oc2cc(F)cc(Cl)c2)c(C(F)F)c1CO,N#Cc1cc(F)cc(Oc2ccc(S(N)(=O)=O)c3c2[C@@H](F)[C@@H](F)[C@H]3O)c1,Cc1c(S(N)(=O)=O)ccc(Oc2cc(F)cc(Cl)c2)c1C(F)F,2D,0.4105263157894737,0.7123287671232876,0.47191011235955055,0.5921194397414191,0.09071795328941246,0.6065306597126333,0.14956861922263504,0.37804963946763415,2.0,14.580758810043335
hif2a,25~156,O=S(=O)(c1ccc(Oc2cncc(Cl)c2)c2c1[C@H](O)C(F)(F)C2)C(F)F,N#Cc1cccc(Oc2ccc(S(=O)(=O)C(F)F)c3c2CC[C@H]3O)c1,O=S(=O)(c1ccc(Oc2cncc(Cl)c2)c2c1C(O)CC2)C(F)F,2D,0.4631578947368421,0.7215189873417721,0.6463414634146342,0.6839302253782031,0.5769498103804866,0.8187307530779818,0.7046880897187133,0.7617094213983475,2.0,48.99714779853821
hif2a,7a~231,C[C@H]1C[C@@H](O)c2c(S(=O)(=O)C(F)F)ccc(Oc3cc(F)cc(Cl)c3)c21,CS(=O)(=O)c1ccc(Oc2cc(F)cc(C#N)c2)c2c1[C@H](O)[C@H](F)C2,Cc1cc(F)cc(Oc2ccc(S(C)(=O)=O)c3c2C[C@@H](F)[C@H]3O)c1,3D,0.46808510638297873,0.4835164835164835,0.7972972972972973,0.6404068904068904,0.49658530379140947,0.6065306597126334,0.7788007830714048,0.6926657213920191,3.0,21.142885446548462
hif2a,84~30,O=C1OCc2c(S(=O)(=O)C(F)F)ccc(Oc3cc(F)cc(Cl)c3)c21,N#Cc1cc(F)cc(Oc2ccc(S(=O)(=O)C(F)F)c(Cl)c2C#N)c1,O=C1OCc2c(S(=O)(=O)C(F)F)ccc(Oc3cccc(F)c3)c21,3D,0.5340909090909091,0.7402597402597403,0.44565217391304346,0.5929559570863918,0.20189651799465536,0.9048374180359595,0.4065696597405991,0.6557035388882793,10.0,8.533961772918701
hif2a,252~266,N#Cc1cc(F)cc(Oc2ccc(S(N)(=O)=O)c3c2CC(F)(F)[C@H]3O)c1,O=S(=O)(c1ccc(Oc2ccc(F)c3[nH]ncc23)c2c1[C@H](O)C(F)(F)C2)C(F)(F)F,Cc1ccc(Oc2ccc(S(=O)(=O)CCF)c3c2CC(F)(F)[C@H]3O)c(C=NNN)c1,3D,0.4519230769230769,0.46153846153846156,0.45535714285714285,0.45844780219780223,0.1920499086207541,0.3499377491111554,0.18268352405273464,0.266310636581945,23.0,6.9022216796875
hif2a,224~164,Cn1cc(Oc2ccc(S(=O)(=O)C(F)(F)F)c3c2CC(F)(F)[C@H]3O)cn1,CS(=O)(=O)c1ccc(Oc2cc(F)cc(C#N)c2)c2c1[C@@H](N)C(F)(F)C2,CS(=O)(=O)c1ccc(OC2=CC(F)=CC2)c2c1[C@@H](N)C(F)(F)C2,3D,0.40404040404040403,0.40860215053763443,0.6097560975609756,0.509179124049305,0.009071795328941252,0.44932896411722156,0.022313016014842982,0.23582099006603227,9.0,18.704723358154297
hif2a,215~1,N#Cc1cc(F)cc(Oc2ccc(S(=O)(=O)CCl)c3c2CC(F)(F)[C@H]3O)c1,O=S(=O)(c1ccc(Oc2cc(F)cc(Cl)c2)c2c1[C@H](O)CC2)C(F)F,O=S(=O)(CF)c1ccc(Oc2cc(F)cc(Cl)c2)c2c1[C@H](O)CC2,3D,0.4842105263157895,0.5274725274725275,0.7866666666666666,0.657069597069597,0.522045776761016,0.5769498103804866,0.9048374180359595,0.7408936142082231,11.0,45.43227577209473
hif2a,15~237,N#Cc1cc(F)cc(Oc2ccc(S(=O)(=O)C(F)F)c3c2CC(F)(F)[C@H]3O)c1,N#Cc1cc(F)cc(Oc2ccc(S(=O)(=O)C(F)F)c3c2CC(F)(F)[C@@H]3O)c1,N#Cc1cc(F)cc(Oc2ccc(S(=O)(=O)C(F)F)c3c2CC(F)(F)[C@@H]3OS)c1,3D,1.0,0.8214285714285714,0.8214285714285714,0.8214285714285714,0.8187307530779818,0.7408182206817179,0.9048374180359595,0.8228278193588388,1.0,12.785850524902344
hif2a,54~336,CS(=O)(=O)c1ccc(Oc2cc(F)cc(Cl)c2)c(C(F)F)c1CO,N#Cc1cc(F)cc(Oc2ccc(S(N)(=O)=O)c3c2[C@@H](F)[C@@H](F)[C@H]3O)c1,Cc1c(Oc2cc(F)cc(Cl)c2)ccc(S(N)(=O)=O)c1CO,3D,0.4105263157894737,0.6621621621621622,0.4659090909090909,0.5640356265356266,0.09071795328941246,0.5488116360940264,0.16529888822158656,0.3570552621578065,15.0,23.386478424072266
hif2a,25~156,O=S(=O)(c1ccc(Oc2cncc(Cl)c2)c2c1[C@H](O)C(F)(F)C2)C(F)F,N#Cc1cccc(Oc2ccc(S(=O)(=O)C(F)F)c3c2CC[C@H]3O)c1,Cc1cncc(Oc2ccc(S(=O)(=O)C(F)F)c3c2CC(F)[C@H]3O)c1,3D,0.4631578947368421,0.6046511627906976,0.4731182795698925,0.5388847211802951,0.5769498103804866,0.8607079764250578,0.6703200460356393,0.7655140112303486,18.0,44.26659417152405
tnks2,1a~5b,O=c1[nH]c(-c2ccccc2)nc2ccccc12,CC(C)(O)c1ccc(-c2nc3cccc(F)c3c(=O)[nH]2)cc1,O=c1[nH]c(-c2ccc(CO)cc2)nc2ccccc12,2D,0.4050632911392405,0.640625,0.48717948717948717,0.5639022435897436,0.6065306597126334,0.8187307530779818,0.7408182206817179,0.7797744868798498,1.0,47.426872968673706
tnks2,8d~8f,Cc1cc(F)cc2c(=O)[nH]c(-c3ccc(C4CC[NH2+]CC4)cc3)nc12,Cc1cc(F)cc2c(=O)[nH]c(-c3ccc(C4CC[NH+](C)CC4)cc3)nc12,Cc1cc(F)cc2c(=O)[nH]c(-c3ccc(C4CC[NH+](C)C(C)C4)cc3)nc12,2D,0.7590361445783133,0.6818181818181818,0.7647058823529411,0.7232620320855614,0.9048374180359595,0.8187307530779818,0.9048374180359595,0.8617840855569707,1.0,36.20411682128906
tnks2,5l~5f,CC(C)(O)c1ccc(-c2nc3c(F)ccc(F)c3c(=O)[nH]2)cc1,CC(C)(O)c1ccc(-c2nc3c(F)cccc3c(=O)[nH]2)cc1,CCC(C)(O)c1ccc(-c2nc3c(F)cccc3c(=O)[nH]2)cc1,2D,0.7222222222222222,0.6075949367088608,0.8382352941176471,0.7229151154132539,0.9048374180359595,0.8187307530779818,0.9048374180359595,0.8617840855569707,1.0,21.4081768989563
tnks2,5i~5p,Cc1cccc2c(=O)[nH]c(-c3ccc(C(C)(C)O)cc3)nc12,COCCOC(C)(C)c1ccc(-c2nc3ccc(F)cc3c(=O)[nH]2)cc1,COC(C)(C)c1ccc(-c2nc3ccc(C)cc3c(=O)[nH]2)cc1,2D,0.5056179775280899,0.5822784810126582,0.6707317073170732,0.6265050941648658,0.5488116360940264,0.7408182206817179,0.7046880897187134,0.7227531552002157,2.0,7.6833720207214355
tnks2,1a~1b,O=c1[nH]c(-c2ccccc2)nc2ccccc12,COc1ccc(-c2nc3ccccc3c(=O)[nH]2)cc1,Cc1ccc(-c2nc3ccccc3c(=O)[nH]2)cc1,2D,0.640625,0.6721311475409836,0.7833333333333333,0.7277322404371585,0.8187307530779818,0.9048374180359595,0.8607079764250578,0.8827726972305087,1.0,25.84120535850525
tnks2,5g~8e,CC(C)(O)c1ccc(-c2nc3c(Cl)cccc3c(=O)[nH]2)cc1,C[NH+]1CCC(c2ccc(-c3nc4c(F)cc(F)cc4c(=O)[nH]3)cc2)CC1,C[NH+]1CCC(c2ccc(-c3nc4c(Cl)cccc4c(=O)[nH]3)cc2)CC1,2D,0.36363636363636365,0.5833333333333334,0.6781609195402298,0.6307471264367817,0.15723716631362758,0.18268352405273464,0.8607079764250578,0.5216957502388962,2.0,15.996006488800049
tnks2,3b~8a,CC(C)(C)c1ccc(-c2nc3ccc(F)cc3c(=O)[nH]2)cc1,C[NH+]1CCN(c2ccc(-c3nc4ccc(F)cc4c(=O)[nH]3)cc2)CC1,O=c1[nH]c(-c2ccc(N3CC[NH+](O)CC3)cc2)nc2ccc(F)cc12,2D,0.5833333333333334,0.5647058823529412,0.8461538461538461,0.7054298642533936,0.18268352405273464,0.18268352405273464,0.951229424500714,0.5669564742767244,1.0,8.318335056304932
tnks2,3a~5d,CC(C)(C)c1ccc(-c2nc3ccccc3c(=O)[nH]2)cc1,CC(C)(O)c1ccc(-c2nc3ccc(F)cc3c(=O)[nH]2)cc1,CC(C)(C)c1ccc(-c2nc3ccc(F)cc3c(=O)[nH]2)cc1,2D,0.6216216216216216,0.7391304347826086,0.8484848484848485,0.7938076416337285,0.8607079764250578,0.9048374180359595,0.951229424500714,0.9280334212683368,1.0,22.331324577331543
tnks2,1a~5b,O=c1[nH]c(-c2ccccc2)nc2ccccc12,CC(C)(O)c1ccc(-c2nc3cccc(F)c3c(=O)[nH]2)cc1,CC(C)c1ccc(-c2nc3ccccc3c(=O)[nH]2)cc1,3D,0.4050632911392405,0.6212121212121212,0.4936708860759494,0.5574415036440353,0.6065306597126334,0.7408182206817179,0.8187307530779818,0.7797744868798498,3.0,25.861676931381226
tnks2,8d~8f,Cc1cc(F)cc2c(=O)[nH]c(-c3ccc(C4CC[NH2+]CC4)cc3)nc12,Cc1cc(F)cc2c(=O)[nH]c(-c3ccc(C4CC[NH+](C)CC4)cc3)nc12,Cc1cc(F)cc2c(=O)n(C)c(-c3ccc(C4CC[NH+](C)CC4)cc3)nc12,3D,0.7590361445783133,0.5578947368421052,0.7441860465116279,0.6510403916768666,0.9048374180359595,0.8187307530779818,0.9048374180359595,0.8617840855569707,0.0,23.27233624458313
tnks2,5l~5f,CC(C)(O)c1ccc(-c2nc3c(F)ccc(F)c3c(=O)[nH]2)cc1,CC(C)(O)c1ccc(-c2nc3c(F)cccc3c(=O)[nH]2)cc1,CC(C)(O)c1ccc(-c2nc3c(F)cccc3c(=O)[nH]2)cc1,3D,0.7222222222222222,0.7222222222222222,1.0,0.8611111111111112,0.9048374180359595,0.9048374180359595,1.0,0.9524187090179798,0.0,18.461920499801636
tnks2,5i~5p,Cc1cccc2c(=O)[nH]c(-c3ccc(C(C)(C)O)cc3)nc12,COCCOC(C)(C)c1ccc(-c2nc3ccc(F)cc3c(=O)[nH]2)cc1,COC(C)(C)c1ccc(-c2nc3ccc(F)cc3c(=O)[nH]2)cc1,3D,0.5056179775280899,0.5625,0.8026315789473685,0.6825657894736843,0.5488116360940264,0.7408182206817179,0.7408182206817179,0.7408182206817179,5.0,28.573898792266846
tnks2,1a~1b,O=c1[nH]c(-c2ccccc2)nc2ccccc12,COc1ccc(-c2nc3ccccc3c(=O)[nH]2)cc1,Cc1ccc(-c2nc3ccccc3c(=O)[nH]2)cc1,3D,0.640625,0.6721311475409836,0.7833333333333333,0.7277322404371585,0.8187307530779818,0.9048374180359595,0.8607079764250578,0.8827726972305087,0.0,52.381680965423584
tnks2,5g~8e,CC(C)(O)c1ccc(-c2nc3c(Cl)cccc3c(=O)[nH]2)cc1,C[NH+]1CCC(c2ccc(-c3nc4c(F)cc(F)cc4c(=O)[nH]3)cc2)CC1,O=c1[nH]c(-c2ccc(C3CCCCC3)cc2)nc2c(Cl)cc(F)cc12,3D,0.36363636363636365,0.4148936170212766,0.6404494382022472,0.5276715276117618,0.15723716631362758,0.18268352405273464,0.8187307530779817,0.5007071385653582,3.0,55.52765250205994
tnks2,3b~8a,CC(C)(C)c1ccc(-c2nc3ccc(F)cc3c(=O)[nH]2)cc1,C[NH+]1CCN(c2ccc(-c3nc4ccc(F)cc4c(=O)[nH]3)cc2)CC1,C=C[NH+](C)CCc1ccc(-c2nc3ccc(F)cc3c(=O)[nH]2)cc1,3D,0.5833333333333334,0.6125,0.5384615384615384,0.5754807692307693,0.18268352405273464,0.5488116360940264,0.14956861922263504,0.3491901276583307,9.0,50.19921827316284
tnks2,3a~5d,CC(C)(C)c1ccc(-c2nc3ccccc3c(=O)[nH]2)cc1,CC(C)(O)c1ccc(-c2nc3ccc(F)cc3c(=O)[nH]2)cc1,CC(C)(O)c1ccc(-c2nc3ccccc3c(=O)[nH]2)cc1,3D,0.6216216216216216,0.84375,0.7391304347826086,0.7914402173913043,0.8607079764250578,0.951229424500714,0.9048374180359595,0.9280334212683368,1.0,15.09614109992981
pfkfb3,19~35,Cn1ccc2ccc(-c3cc(Nc4ccccc4)cc4nccnc34)cc21,Cn1ccc2ccc(-c3cc(Nc4cnccc4S(C)(=O)=O)cc4nccnc34)cc21,Cn1ccc2ccc(-c3cc(Nc4cnccc4[SH](=O)=O)cc4nccnc34)cc21,2D,0.6407766990291263,0.6534653465346535,0.7959183673469388,0.7246918569407961,0.6376281516217733,0.7046880897187134,0.9048374180359595,0.8047627538773365,4.0,2.238401174545288
pfkfb3,30~58,COc1ncccc1Nc1cc(-c2ccc3ccn(C)c3c2)c2nccnc2c1,CS(=O)(=O)c1ccncc1Nc1cc(-c2ccc3c(c2)CCO3)c2nccnc2c1,CS(=O)(=O)c1ccncc1Nc1cc(-c2ccc3c(c2)CC=C3)c2nccnc2c1,2D,0.4700854700854701,0.4956521739130435,0.7575757575757576,0.6266139657444005,0.3166367693790532,0.4493289641172216,0.7046880897187134,0.5770085269179676,3.0,23.79435443878174
pfkfb3,62~44,CS(=O)(=O)c1ccncc1Nc1cc(-c2ccc3nonc3c2)c2nccnc2c1,CS(=O)(=O)c1ccncc1Nc1cc(-c2ccc(Br)cc2)c2nccnc2c1,CS(=O)(=O)c1ccncc1Nc1cc(-c2ccc3n[nH]nc3c2)c2nccnc2c1,2D,0.7040816326530612,0.8125,0.7040816326530612,0.7582908163265306,0.36787944117144233,0.951229424500714,0.36787944117144233,0.6595544328360782,1.0,59.92157244682312
pfkfb3,70~63,Cc1coc2ccc(-c3cc(Nc4cnccc4S(C)(=O)=O)cc4nccnc34)cc12,CS(=O)(=O)c1ccncc1Nc1cc(-c2ccc3nsnc3c2)c2nccnc2c1,CS(=O)(=O)c1ccncc1Nc1cc(-c2ccc3c(c2)CC=CO3)c2nccnc2c1,2D,0.6923076923076923,0.7047619047619048,0.6857142857142857,0.6952380952380952,0.7788007830714048,0.044932896411722156,0.04965853037914095,0.04729571339543155,3.0,43.37866973876953
pfkfb3,31~57,COc1ccncc1Nc1cc(-c2ccc3ccn(C)c3c2)c2nccnc2c1,CS(=O)(=O)c1ccncc1Nc1cc(-c2ccc3ccn(C(F)F)c3c2)c2nccnc2c1,Cn1ccc2ccc(-c3cc(Nc4cnccc4OS)cc4nccnc34)cc21,2D,0.6574074074074074,0.8888888888888888,0.6574074074074074,0.7731481481481481,0.5488116360940265,0.951229424500714,0.4493289641172216,0.7002791943089678,2.0,47.497342109680176
pfkfb3,39~46,CS(=O)(=O)c1ccncc1Nc1cc(-c2cccc(N)c2)c2nccnc2c1,CS(=O)(=O)c1ccncc1Nc1cc(-c2ccc(C(F)(F)F)cc2)c2nccnc2c1,CS(=O)(=O)c1ccncc1Nc1cc(-c2ccc(C(F)(F)S)cc2)c2nccnc2c1,2D,0.7040816326530612,0.7040816326530612,0.8913043478260869,0.7976929902395741,0.6065306597126334,0.6065306597126334,0.951229424500714,0.7788800421066737,2.0,41.858994007110596
pfkfb3,20~41,COc1cccc(-c2cc(Nc3cnccc3S(C)(=O)=O)cc3nccnc23)c1,CS(=O)(=O)c1ccncc1Nc1cc(-c2cccc(OC(F)(F)F)c2)c2nccnc2c1,CC(F)(F)Oc1cccc(-c2cc(Nc3cnccc3S(C)(=O)=O)cc3nccnc23)c1,2D,0.8210526315789474,0.8404255319148937,0.8947368421052632,0.8675811870100785,0.7408182206817179,0.7408182206817179,0.951229424500714,0.846023822591216,2.0,20.752570867538452
pfkfb3,53~54,CCCn1ccc2ccc(-c3cc(Nc4cnccc4S(C)(=O)=O)cc4nccnc34)cc21,CC(C)n1ccc2ccc(-c3cc(Nc4cnccc4S(C)(=O)=O)cc4nccnc34)cc21,CCn1ccc2ccc(-c3cc(Nc4cnccc4S(C)(=O)=O)cc4nccnc34)cc21,2D,0.8,0.9081632653061225,0.8235294117647058,0.8658463385354142,0.8187307530779818,0.9048374180359595,0.9048374180359595,0.9048374180359595,3.0,19.434101819992065
cmet,lig_CHEMBL3402744_300_4~lig_CHEMBL3402761_1_21,COC(=O)Nc1cccc(Cn2nc(-c3cc(F)cc(F)c3)ccc2=O)c1,N#Cc1cccc(-c2ccc(=O)n(Cc3cccc(-c4ncc(OCC[NH+]5CCOCC5)cn4)c3)n2)c1,N#CC(=O)Nc1cccc(Cn2nc(-c3cccc(F)c3)ccc2=O)c1,2D,0.33093525179856115,0.6129032258064516,0.4186046511627907,0.5157539384846211,0.03337326996032607,0.6065306597126333,0.06720551273974977,0.3368680862261915,3.0,38.592814445495605
cmet,lig_CHEMBL3402745_200_5~lig_CHEMBL3402755_4200_15,CCOC(=O)Nc1cccc(Cn2nc(-c3cc(F)cc(F)c3)ccc2=O)c1,Cc1ccc(-c2cccc(Cn3nc(-c4cc(F)cc(F)c4)ccc3=O)c2)nn1,O=c1ccc(-c2cc(F)cc(F)c2)nn1Cc1cccc(-c2cccnn2)c1,2D,0.5882352941176471,0.5841584158415841,0.782608695652174,0.683383555746879,0.10025884372280373,0.20189651799465536,0.9048374180359595,0.5533669680153075,1.0,5.743442058563232
cmet,lig_CHEMBL3402747_3400_7~lig_CHEMBL3402754_40_14,Cc1noc(-c2cccc(Cn3nc(-c4cc(F)cc(F)c4)ccc3=O)c2)n1,Cc1cnc(-c2cccc(Cn3nc(-c4cc(F)cc(F)c4)ccc3=O)c2)nc1,Cc1cc(-c2cccc(Cn3nc(-c4cc(F)cc(F)c4)ccc3=O)c2)on1,2D,0.7157894736842105,0.7777777777777778,0.7157894736842105,0.7467836257309941,0.018268352405273466,0.951229424500714,0.0,0.475614712250357,1.0,23.936497688293457
cmet,lig_CHEMBL3402748_5300_8~lig_CHEMBL3402753_200_13,Cc1c[nH]c(-c2cccc(Cn3nc(-c4cc(F)cc(F)c4)ccc3=O)c2)n1,Cc1ccc(-c2cccc(Cn3nc(-c4cc(F)cc(F)c4)ccc3=O)c2)nc1,Cc1ccc(-c2cccc(CN3N=C(CC=CCF)C=CC3C)c2)nc1,2D,0.7157894736842105,0.3135593220338983,0.4107142857142857,0.362136803874092,0.0,0.04285212686704018,0.10539922456186432,0.07412567571445225,4.0,38.541051387786865
cmet,lig_CHEMBL3402749_500_9~lig_CHEMBL3402752_30000_12,Cc1cnc(-c2cccc(Cn3nc(-c4cc(F)cc(F)c4)ccc3=O)c2)o1,Cc1nc(-c2cccc(Cn3nc(-c4cc(F)cc(F)c4)ccc3=O)c2)cs1,O=c1ccc(-c2cc(F)cc(F)c2)nn1Cc1cccc(-c2ncco2)c1,2D,0.7391304347826086,0.7752808988764045,0.6989247311827957,0.7371028150296002,0.8607079764250578,0.9048374180359595,0.7788007830714048,0.8418191005536821,3.0,33.383630990982056
cmet,lig_CHEMBL3402750_400_10~lig_CHEMBL3402751_2100_11,Cc1cnc(-c2cccc(Cn3nc(-c4cc(F)cc(F)c4)ccc3=O)c2)s1,Cc1csc(-c2cccc(Cn3nc(-c4cc(F)cc(F)c4)ccc3=O)c2)n1,Cc1cnc(-c2cccc(Cn3nc(-c4cc(F)cc(F)c4)ccc3=O)c2)s1,2D,0.797752808988764,1.0,0.797752808988764,0.898876404494382,0.9048374180359595,1.0,0.9048374180359595,0.9524187090179798,0.0,37.99580454826355
cmet,lig_CHEMBL3402748_5300_8~lig_CHEMBL3402745_200_5,Cc1c[nH]c(-c2cccc(Cn3nc(-c4cc(F)cc(F)c4)ccc3=O)c2)n1,CCOC(=O)Nc1cccc(Cn2nc(-c3cc(F)cc(F)c3)ccc2=O)c1,O=c1ccc(-c2cc(F)cc(F)c2)nn1Cc1ccccc1,2D,0.6060606060606061,0.6436781609195402,0.632183908045977,0.6379310344827587,0.11080315836233386,0.36787944117144233,0.5488116360940264,0.45834553863273436,1.0,9.063233852386475
cmet,lig_CHEMBL3402754_40_14~lig_CHEMBL3402753_200_13,Cc1cnc(-c2cccc(Cn3nc(-c4cc(F)cc(F)c4)ccc3=O)c2)nc1,Cc1ccc(-c2cccc(Cn3nc(-c4cc(F)cc(F)c4)ccc3=O)c2)nc1,Cc1ccc(C2C=C(Cn3nc(-c4cc(F)cc(F)c4)ccc3=O)C=CO2)nc1,2D,0.7849462365591398,0.5961538461538461,0.6274509803921569,0.6118024132730016,0.951229424500714,0.6703200460356392,0.7046880897187134,0.6875040678771763,1.0,46.77204871177673
pfkfb3,19~35,Cn1ccc2ccc(-c3cc(Nc4ccccc4)cc4nccnc34)cc21,Cn1ccc2ccc(-c3cc(Nc4cnccc4S(C)(=O)=O)cc4nccnc34)cc21,Cn1ccc2ccc(-c3cc(NC4=CN=C=C=C4[SH](=O)=O)cc4nccnc34)cc21,3D,0.6407766990291263,0.6057692307692307,0.6146788990825688,0.6102240649258998,0.6376281516217733,0.522045776761016,0.6703200460356392,0.5961829113983277,14.0,49.623191356658936
pfkfb3,30~58,COc1ncccc1Nc1cc(-c2ccc3ccn(C)c3c2)c2nccnc2c1,CS(=O)(=O)c1ccncc1Nc1cc(-c2ccc3c(c2)CCO3)c2nccnc2c1,CS(=O)(=O)c1ccncc1Nc1cc(-c2ccc3c(c2)CC=C3)c2nccnc2c1,3D,0.4700854700854701,0.4956521739130435,0.7575757575757576,0.6266139657444005,0.3166367693790532,0.4493289641172216,0.7046880897187134,0.5770085269179676,14.0,1.662078857421875
pfkfb3,62~44,CS(=O)(=O)c1ccncc1Nc1cc(-c2ccc3nonc3c2)c2nccnc2c1,CS(=O)(=O)c1ccncc1Nc1cc(-c2ccc(Br)cc2)c2nccnc2c1,CS(=O)(=O)c1ccncc1Nc1cc(-c2ccccc2)c2nccnc2c1,3D,0.7040816326530612,0.6836734693877551,0.7752808988764045,0.7294771841320797,0.36787944117144233,0.7408182206817179,0.9048374180359595,0.8228278193588388,3.0,2.941666603088379
pfkfb3,70~63,Cc1coc2ccc(-c3cc(Nc4cnccc4S(C)(=O)=O)cc4nccnc34)cc12,CS(=O)(=O)c1ccncc1Nc1cc(-c2ccc3nsnc3c2)c2nccnc2c1,CS(=O)(=O)c1ccncc1Nc1cc(-c2ccc3nscc3c2)c2nccnc2c1,3D,0.6923076923076923,0.7087378640776699,0.7938144329896907,0.7512761485336803,0.7788007830714048,0.8187307530779817,0.951229424500714,0.8849800887893479,7.0,50.98623824119568
pfkfb3,31~57,COc1ccncc1Nc1cc(-c2ccc3ccn(C)c3c2)c2nccnc2c1,CS(=O)(=O)c1ccncc1Nc1cc(-c2ccc3ccn(C(F)F)c3c2)c2nccnc2c1,O=Cc1ccncc1Nc1cc(-c2ccc3ccn(C(F)F)c3c2)c2nccnc2c1,3D,0.6574074074074074,0.6666666666666666,0.803921568627451,0.7352941176470589,0.5488116360940265,0.5488116360940264,0.6703200460356393,0.6095658410648328,9.0,53.36141324043274
pfkfb3,39~46,CS(=O)(=O)c1ccncc1Nc1cc(-c2cccc(N)c2)c2nccnc2c1,CS(=O)(=O)c1ccncc1Nc1cc(-c2ccc(C(F)(F)F)cc2)c2nccnc2c1,CS(=O)(=O)c1ccncc1Nc1cc(-c2ccc(CF)cc2)c2nccnc2c1,3D,0.7040816326530612,0.7340425531914894,0.7894736842105263,0.7617581187010078,0.6065306597126334,0.7408182206817179,0.8187307530779818,0.7797744868798498,18.0,14.886735677719116
pfkfb3,20~41,COc1cccc(-c2cc(Nc3cnccc3S(C)(=O)=O)cc3nccnc23)c1,CS(=O)(=O)c1ccncc1Nc1cc(-c2cccc(OC(F)(F)F)c2)c2nccnc2c1,CS(=O)(=O)c1ccncc1Nc1cc(-c2cccc(OC(F)F)c2)c2nccnc2c1,3D,0.8210526315789474,0.8387096774193549,0.8163265306122449,0.8275181040158,0.7408182206817179,0.8187307530779818,0.9048374180359595,0.8617840855569707,5.0,36.10885667800903
pfkfb3,53~54,CCCn1ccc2ccc(-c3cc(Nc4cnccc4S(C)(=O)=O)cc4nccnc34)cc21,CC(C)n1ccc2ccc(-c3cc(Nc4cnccc4S(C)(=O)=O)cc4nccnc34)cc21,CCn1ccc2ccc(-c3cc(Nc4cnccc4S(C)(=O)=O)cc4nccnc34)cc21,3D,0.8,0.9081632653061225,0.8235294117647058,0.8658463385354142,0.8187307530779818,0.9048374180359595,0.9048374180359595,0.9048374180359595,4.0,19.693888664245605
cmet,lig_CHEMBL3402744_300_4~lig_CHEMBL3402761_1_21,COC(=O)Nc1cccc(Cn2nc(-c3cc(F)cc(F)c3)ccc2=O)c1,N#Cc1cccc(-c2ccc(=O)n(Cc3cccc(-c4ncc(OCC[NH+]5CCOCC5)cn4)c3)n2)c1,N#Cc1cccc(-c2ccc(=O)n(Cc3cccc(-c4ncccn4)c3)n2)c1,3D,0.33093525179856115,0.39823008849557523,0.6186440677966102,0.5084370781460927,0.03337326996032607,0.14956861922263506,0.4065696597405991,0.2780691394816171,39.0,56.229400634765625
cmet,lig_CHEMBL3402745_200_5~lig_CHEMBL3402755_4200_15,CCOC(=O)Nc1cccc(Cn2nc(-c3cc(F)cc(F)c3)ccc2=O)c1,Cc1ccc(-c2cccc(Cn3nc(-c4cc(F)cc(F)c4)ccc3=O)c2)nn1,O=CCc1cccc(Cn2nc(-c3cc(F)cc(F)c3)ccc2=O)c1,3D,0.5882352941176471,0.6853932584269663,0.6210526315789474,0.6532229450029569,0.10025884372280373,0.6065306597126334,0.1353352832366127,0.37093297147462306,40.0,11.448230028152466
cmet,lig_CHEMBL3402747_3400_7~lig_CHEMBL3402754_40_14,Cc1noc(-c2cccc(Cn3nc(-c4cc(F)cc(F)c4)ccc3=O)c2)n1,Cc1cnc(-c2cccc(Cn3nc(-c4cc(F)cc(F)c4)ccc3=O)c2)nc1,O=c1ccc(-c2cc(F)cc(F)c2)nn1Cc1cccc(-c2ncco2)c1,3D,0.7157894736842105,0.7362637362637363,0.7127659574468085,0.7245148468552725,0.018268352405273466,0.8607079764250578,0.20189651799465536,0.5313022472098565,38.0,35.47130489349365
cmet,lig_CHEMBL3402748_5300_8~lig_CHEMBL3402753_200_13,Cc1c[nH]c(-c2cccc(Cn3nc(-c4cc(F)cc(F)c4)ccc3=O)c2)n1,Cc1ccc(-c2cccc(Cn3nc(-c4cc(F)cc(F)c4)ccc3=O)c2)nc1,O=c1ccc(-c2cc(F)cc(F)c2)nn1Cc1cccc(C2=NCC=CC2)c1,3D,0.7157894736842105,0.6770833333333334,0.673469387755102,0.6752763605442177,0.0,0.20189651799465536,0.6703200460356392,0.4361082820151473,89.0,31.099457502365112
cmet,lig_CHEMBL3402749_500_9~lig_CHEMBL3402752_30000_12,Cc1cnc(-c2cccc(Cn3nc(-c4cc(F)cc(F)c4)ccc3=O)c2)o1,Cc1nc(-c2cccc(Cn3nc(-c4cc(F)cc(F)c4)ccc3=O)c2)cs1,Cc1nc(-c2cccc(Cn3nc(-c4cc(F)cc(F)c4)ccc3=O)c2)co1,3D,0.7391304347826086,0.7582417582417582,0.797752808988764,0.7779972836152611,0.8607079764250578,0.8607079764250578,0.951229424500714,0.9059687004628859,8.0,33.92400860786438
cmet,lig_CHEMBL3402750_400_10~lig_CHEMBL3402751_2100_11,Cc1cnc(-c2cccc(Cn3nc(-c4cc(F)cc(F)c4)ccc3=O)c2)s1,Cc1csc(-c2cccc(Cn3nc(-c4cc(F)cc(F)c4)ccc3=O)c2)n1,O=c1ccc(-c2cc(F)cc(F)c2)nn1Cc1cccc(-c2nccs2)c1,3D,0.797752808988764,0.7752808988764045,0.7752808988764045,0.7752808988764045,0.9048374180359595,0.9048374180359595,0.9048374180359595,0.9048374180359595,1.0,15.65346384048462
cmet,lig_CHEMBL3402748_5300_8~lig_CHEMBL3402745_200_5,Cc1c[nH]c(-c2cccc(Cn3nc(-c4cc(F)cc(F)c4)ccc3=O)c2)n1,CCOC(=O)Nc1cccc(Cn2nc(-c3cc(F)cc(F)c3)ccc2=O)c1,O=c1ccc(-c2cc(F)cc(F)c2)nn1Cc1cccc(C2=NC=CC2)c1,3D,0.6060606060606061,0.6989247311827957,0.6020408163265306,0.6504827737546632,0.11080315836233386,0.7408182206817179,0.33287108369807955,0.5368446521898987,53.0,22.813570261001587
cmet,lig_CHEMBL3402754_40_14~lig_CHEMBL3402753_200_13,Cc1cnc(-c2cccc(Cn3nc(-c4cc(F)cc(F)c4)ccc3=O)c2)nc1,Cc1ccc(-c2cccc(Cn3nc(-c4cc(F)cc(F)c4)ccc3=O)c2)nc1,Cc1ccc(-c2cccc(Cn3nc(-c4cc(C)cc(F)c4)ccc3=O)c2)nc1,3D,0.7849462365591398,0.6767676767676768,0.8651685393258427,0.7709681080467597,0.951229424500714,0.9048374180359595,0.951229424500714,0.9280334212683368,35.0,41.49455523490906
cdk8,21~35,Cn1cnc(-c2ccc3[nH]nc(Cc4ccc(-c5cnn(C)c5)cc4)c3c2)c1,Cn1cc(-c2ccc(Cc3n[nH]c4ccc(C(=O)N5CC(O)C5)cc34)cc2)cn1,Cn1cc(-c2ccc(Cc3n[nH]c4ccc(C5=CNCC5)cc34)cc2)cn1,2D,0.6019417475728155,0.6875,0.63,0.65875,0.10025884372280373,0.6376281516217733,0.16529888822158648,0.4014635199216799,3.0,59.89666295051575
cdk8,26~41,Cn1cc(-c2ccc(Cc3n[nH]c4ccc(N5CCCC5=O)cc34)cc2)cn1,Cn1cc(-c2ccc(Cc3n[nH]c4ccc(C(=O)N5CCCCC5)cc34)cc2)cn1,Cn1cc(-c2ccc(Cc3n[nH]c4ccc(N5CCCC5)cc34)cc2)cn1,2D,0.6666666666666666,0.7608695652173914,0.75,0.7554347826086957,0.13533528323661265,0.7788007830714048,0.14956861922263504,0.46418470114701993,3.0,0.12884283065795898
cdk8,23~44,Cn1cc(-c2ccc(Cc3n[nH]c4ccc(-c5cc(N)ccn5)cc34)cc2)cn1,Cn1ncc2cc(Cc3n[nH]c4ccc(C(=O)N5CC(O)C5)cc34)ccc21,Cn1ncc2cc(Cc3n[nH]c4ccc(C=O)cc34)ccc21,2D,0.3728813559322034,0.41904761904761906,0.6588235294117647,0.5389355742296918,0.033373269960326066,0.055023220056407224,0.6065306597126334,0.33077693988452034,4.0,16.82701015472412
cdk8,15~18,CNC(=O)c1ccc2[nH]nc(Cc3ccc(OC)c(OC)c3)c2c1,CNC(=O)c1ccc2[nH]nc(Cc3ccc4c(cnn4C)c3)c2c1,CNC(=O)c1ccc2[nH]nc(Cc3ccc4c(cnn4O)c3)c2c1,2D,0.6309523809523809,0.611764705882353,0.84,0.7258823529411764,0.24659696394160643,0.24659696394160643,0.951229424500714,0.5989131942211602,0.0,48.00784254074097
cdk8,22~13,Cn1cc(-c2ccc(Cc3n[nH]c4ccc(-c5nccn5C)cc34)cc2)cn1,Cc1cccc(Cc2n[nH]c3cc(O)c(C(=O)N4CC[C@H](O)C4)cc23)c1,Cn1ccnc1-c1ccc2[nH]nc(Cc3cccc(CO)c3)c2c1,2D,0.2682926829268293,0.5833333333333334,0.37142857142857144,0.4773809523809524,0.04076220397836621,0.3011942119122021,0.07427357821433388,0.18773389506326799,4.0,41.08559775352478
cdk8,39~37,Cn1cc(-c2ccc(Cc3n[nH]c4ccc(C(=O)N5CCOCC5)cc34)cc2)cn1,Cn1cc(-c2ccc(Cc3n[nH]c4ccc(C(=O)N5CCCC5)cc34)cc2)cn1,Cn1cc(-c2ccc(Cc3n[nH]c4ccc(C(=O)N5CCCO5)cc34)cc2)cn1,2D,0.8404255319148937,0.7835051546391752,0.7894736842105263,0.7864894194248508,0.03328710836980796,0.03328710836980796,0.951229424500714,0.492258266435261,2.0,30.52381443977356
cdk8,17~45,CNC(=O)c1ccc2[nH]nc(Cc3ccc4cnn(C)c4c3)c2c1,COC1CN(C(=O)c2ccc3[nH]nc(Cc4ccc5c(cnn5C)c4)c3c2)C1,CNC1CN(C(=O)c2ccc3[nH]nc(Cc4ccc5c(cnn5C)c4)c3c2)C1,2D,0.6373626373626373,0.6741573033707865,0.8390804597701149,0.7566188815704507,0.18268352405273464,0.18268352405273464,0.951229424500714,0.5669564742767244,3.0,29.463361501693726
cdk8,19~28,CNC(=O)c1ccc2[nH]nc(Cc3ccc(-c4cnn(C)c4)cc3)c2c1,Cn1cc(-c2ccc(Cc3n[nH]c4ccc(N5CCOCC5)cc34)cc2)cn1,Cn1cc(-c2ccc(Cc3n[nH]c4ccc(N5CCONC5)cc34)cc2)cn1,2D,0.6288659793814433,0.6288659793814433,0.8043478260869565,0.7166069027341999,0.2018965179946554,0.2018965179946554,0.951229424500714,0.5765629712476847,2.0,47.193519592285156
cdk8,21~35,Cn1cnc(-c2ccc3[nH]nc(Cc4ccc(-c5cnn(C)c5)cc4)c3c2)c1,Cn1cc(-c2ccc(Cc3n[nH]c4ccc(C(=O)N5CC(O)C5)cc34)cc2)cn1,Cn1cc(-c2ccc(Cc3n[nH]c4ccc(C(=O)N5C#CC5)cc34)cc2)cn1,3D,0.6019417475728155,0.6138613861386139,0.7634408602150538,0.6886511231768337,0.10025884372280373,0.11080315836233386,0.6703200460356392,0.39056160219898656,17.0,45.212397813797
cdk8,26~41,Cn1cc(-c2ccc(Cc3n[nH]c4ccc(N5CCCC5=O)cc34)cc2)cn1,Cn1cc(-c2ccc(Cc3n[nH]c4ccc(C(=O)N5CCCCC5)cc34)cc2)cn1,Cn1cc(-c2ccc(Cc3n[nH]c4ccc(C=O)cc34)cc2)cn1,3D,0.6666666666666666,0.6888888888888889,0.6458333333333334,0.6673611111111111,0.13533528323661265,0.24659696394160643,0.5488116360940264,0.3977043000178164,15.0,54.1891086101532
cdk8,23~44,Cn1cc(-c2ccc(Cc3n[nH]c4ccc(-c5cc(N)ccn5)cc34)cc2)cn1,Cn1ncc2cc(Cc3n[nH]c4ccc(C(=O)N5CC(O)C5)cc34)ccc21,Cn1ccc(-c2ccc(Cc3n[nH]c4ccc(-c5cc(N)ccn5)cc34)cc2)n1,3D,0.3728813559322034,0.7894736842105263,0.35,0.5697368421052631,0.033373269960326066,0.9048374180359595,0.033373269960326066,0.4691053439981428,51.0,7.276847839355469
cdk8,15~18,CNC(=O)c1ccc2[nH]nc(Cc3ccc(OC)c(OC)c3)c2c1,CNC(=O)c1ccc2[nH]nc(Cc3ccc4c(cnn4C)c3)c2c1,CNC(=O)c1ccc2[nH]nc(Cc3ccc4c(c3)CN=C4)c2c1,3D,0.6309523809523809,0.6265060240963856,0.6585365853658537,0.6425213047311196,0.24659696394160643,0.27253179303401254,0.7408182206817179,0.5066750068578652,3.0,54.01508355140686
cdk8,22~13,Cn1cc(-c2ccc(Cc3n[nH]c4ccc(-c5nccn5C)cc34)cc2)cn1,Cc1cccc(Cc2n[nH]c3cc(O)c(C(=O)N4CC[C@H](O)C4)cc23)c1,Cc1cccc(Cc2n[nH]c3ccc(C4CC[C@H](C)C4=O)cc23)c1,3D,0.2682926829268293,0.336283185840708,0.4895833333333333,0.41293325958702065,0.04076220397836621,0.1224564282529819,0.11080315836233386,0.11662979330765788,40.0,19.446617364883423
cdk8,39~37,Cn1cc(-c2ccc(Cc3n[nH]c4ccc(C(=O)N5CCOCC5)cc34)cc2)cn1,Cn1cc(-c2ccc(Cc3n[nH]c4ccc(C(=O)N5CCCC5)cc34)cc2)cn1,Cn1cc(-c2ccc(Cc3n[nH]c4ccc(C(=O)N5CCCCC5)cc34)cc2)cn1,3D,0.8404255319148937,0.8144329896907216,0.9659090909090909,0.8901710402999063,0.03328710836980796,0.951229424500714,0.03328710836980796,0.492258266435261,3.0,13.679421424865723
cdk8,17~45,CNC(=O)c1ccc2[nH]nc(Cc3ccc4cnn(C)c4c3)c2c1,COC1CN(C(=O)c2ccc3[nH]nc(Cc4ccc5c(cnn5C)c4)c3c2)C1,Cn1ncc2cc(Cc3n[nH]c4ccc(C=O)cc34)ccc21,3D,0.6373626373626373,0.6419753086419753,0.6363636363636364,0.6391694725028059,0.18268352405273464,0.6065306597126334,0.5488116360940264,0.5776711479033299,24.0,53.5834174156189
cdk8,19~28,CNC(=O)c1ccc2[nH]nc(Cc3ccc(-c4cnn(C)c4)cc3)c2c1,Cn1cc(-c2ccc(Cc3n[nH]c4ccc(N5CCOCC5)cc34)cc2)cn1,Cn1cc(-c2ccc(Cc3n[nH]c4ccccc34)cc2)cn1,3D,0.6288659793814433,0.6867469879518072,0.6263736263736264,0.6565603071627168,0.2018965179946554,0.6703200460356393,0.5488116360940264,0.6095658410648328,7.0,21.772001028060913
